{"_runtime":0.7081023,"num_params":366048955,"_timestamp":1.7637193346155775e+09,"_step":0,"_wandb":{"runtime":0}}